{
    "name": "agent",
    "position": {
        "x": 0.699999988079071,
        "y": 0.9010001420974731,
        "z": -0.699999988079071
    },
    "rotation": {
        "x": -0.0,
        "y": 20.0000057220459,
        "z": -0.0
    },
    "cameraHorizon": -0.0,
    "isStanding": true,
    "inHighFrictionArea": false
}