{
    "name": "agent",
    "position": {
        "x": -4.199999809265137,
        "y": 0.9009994864463806,
        "z": -0.7000000476837158
    },
    "rotation": {
        "x": -0.0,
        "y": 119.99999237060547,
        "z": -0.0
    },
    "cameraHorizon": -0.0,
    "isStanding": true,
    "inHighFrictionArea": false
}