{
    "name": "agent",
    "position": {
        "x": -3.500000238418579,
        "y": 0.9009992480278015,
        "z": 2.1000001430511475
    },
    "rotation": {
        "x": -0.0,
        "y": 110.0,
        "z": -0.0
    },
    "cameraHorizon": -0.0,
    "isStanding": true,
    "inHighFrictionArea": false
}