{
    "name": "agent",
    "position": {
        "x": 0.69901442527771,
        "y": 0.9009991884231567,
        "z": 0.0009841322898864746
    },
    "rotation": {
        "x": 0.0,
        "y": 299.91937255859375,
        "z": 0.0
    },
    "cameraHorizon": -0.0,
    "isStanding": true,
    "inHighFrictionArea": false
}