{
    "name": "agent",
    "position": {
        "x": -1.4000002145767212,
        "y": 0.9023619890213013,
        "z": 1.1920928955078125e-07
    },
    "rotation": {
        "x": -0.0,
        "y": 180.0,
        "z": 0.0
    },
    "cameraHorizon": -0.0,
    "isStanding": true,
    "inHighFrictionArea": false
}