{
    "name": "agent",
    "position": {
        "x": -1.3999998569488525,
        "y": 0.9009992480278015,
        "z": 2.6000001430511475
    },
    "rotation": {
        "x": 0.0,
        "y": 180.0,
        "z": 0.0
    },
    "cameraHorizon": -0.0,
    "isStanding": true,
    "inHighFrictionArea": false
}