{
    "name": "agent",
    "position": {
        "x": 2.1000001430511475,
        "y": 0.9277886748313904,
        "z": 1.3999998569488525
    },
    "rotation": {
        "x": 0.0,
        "y": 210.0,
        "z": 0.0
    },
    "cameraHorizon": -0.0,
    "isStanding": true,
    "inHighFrictionArea": false
}