{
    "name": "agent",
    "position": {
        "x": -1.1000005006790161,
        "y": 0.9009991884231567,
        "z": 2.0999999046325684
    },
    "rotation": {
        "x": -0.0,
        "y": 120.00000762939453,
        "z": 0.0
    },
    "cameraHorizon": -0.0,
    "isStanding": true,
    "inHighFrictionArea": false
}