{
    "name": "agent",
    "position": {
        "x": -1.3999998569488525,
        "y": 0.8995019197463989,
        "z": 6.299999237060547
    },
    "rotation": {
        "x": -0.0,
        "y": 200.0,
        "z": 0.0
    },
    "cameraHorizon": 0.0,
    "isStanding": true,
    "inHighFrictionArea": false
}