{
    "name": "agent",
    "position": {
        "x": -1.3999998569488525,
        "y": 0.9009991884231567,
        "z": 1.3999998569488525
    },
    "rotation": {
        "x": -0.0,
        "y": 130.0,
        "z": -0.0
    },
    "cameraHorizon": -0.0,
    "isStanding": true,
    "inHighFrictionArea": false
}