{
    "position": {
        "x": 0.75,
        "y": 0.9101201295852661,
        "z": 0.25
    },
    "rotation": {
        "x": -0.0,
        "y": 80.00001525878906,
        "z": 0.0
    },
    "cameraHorizon": -0.0
}