{
    "position": {
        "x": -2.0,
        "y": 0.9019261598587036,
        "z": -1.25
    },
    "rotation": {
        "x": -0.0,
        "y": 50.000003814697266,
        "z": -0.0
    },
    "cameraHorizon": -0.0
}