{
    "position": {
        "x": -1.0,
        "y": 0.9092894792556763,
        "z": -1.75
    },
    "rotation": {
        "x": -0.0,
        "y": 200.00001525878906,
        "z": 0.0
    },
    "cameraHorizon": -0.0
}