{
    "position": {
        "x": 0.75,
        "y": 0.9009991884231567,
        "z": 0.75
    },
    "rotation": {
        "x": -0.0,
        "y": 200.00001525878906,
        "z": 0.0
    },
    "cameraHorizon": -0.0
}