{
    "name": "agent",
    "position": {
        "x": 0.9999998807907104,
        "y": 0.9009991884231567,
        "z": 1.0000001192092896
    },
    "rotation": {
        "x": -0.0,
        "y": 210.0,
        "z": 0.0
    },
    "cameraHorizon": 0.0,
    "isStanding": true,
    "inHighFrictionArea": false
}